Tx Hash,blockHeight,blockTime(UTC+8),blockTime(UTC),from,to,value,fee,method,status
0xf77049639c757c71968726e2114d4f201ea56b865abaadf4f66d0fd63acc86fe,48960448,2023/10/21 07:10:47,2023/10/20 23:10:47,0x765a1cdd70b317a32188406396d80bddf1c99931,0x7c7379531b2aee82e4ca06d4175d13b9cbeafd49,1.0E-5,0.00144945519054,-,SUCCESS,
0xbe2a666b8090ef0823fdd00cba255c707513ec9de133e5241e34983cda998dc6,45263166,2023/07/19 19:41:27,2023/07/19 11:41:27,0x823f0f87b028ff0da98db5841f38a2ac5092813d,0x7c7379531b2aee82e4ca06d4175d13b9cbeafd49,0.001,0.002015951547246,-,SUCCESS,
0x668fde69cd3eba7db4a92d05337db77070b764b84fdfbac0e3da871dc668cb99,42346926,2023/05/06 04:03:17,2023/05/05 20:03:17,0xdec0c96b03fb78ea620d6e56c0cbc0d146d9bdcb,0x7c7379531b2aee82e4ca06d4175d13b9cbeafd49,1.0E-4,0.023343117495004777,-,SUCCESS,
0x9dcf300d59897d44350145eb079efe43cbe45d0f1d9f537e9784ae00bfa01b3d,41597594,2023/04/16 20:29:53,2023/04/16 12:29:53,0x5974a5fc82a4f6b4d3f94c630988a03b66dbd44c,0x7c7379531b2aee82e4ca06d4175d13b9cbeafd49,0.001,0.003521979305397,-,SUCCESS,
0x883c1e29aec4f60383bea8417fc88c3b53e8d8e3e8b59b35c7214e164aa01111,41047513,2023/04/02 15:02:27,2023/04/02 07:02:27,0x96320498243f49cead222e5bd4da4d083f8ff777,0x7c7379531b2aee82e4ca06d4175d13b9cbeafd49,0.5,0.001966539686979,-,SUCCESS,
0x15993163ba98dbf866688593b7942f8548248b2ac5275e14914be094ea9982cb,39522687,2023/02/21 04:32:43,2023/02/20 20:32:43,0x96045bc26dfa0f0adeeb6e8a09b32b758a9fa3aa,0x7c7379531b2aee82e4ca06d4175d13b9cbeafd49,5.0E-5,0.002202925539591,-,SUCCESS,
0x968a8ac4dabbf81c39a1d5487cc8eee5cf7be17353a6f1d3aec57b05b25d4f41,39522664,2023/02/21 04:31:55,2023/02/20 20:31:55,0x96045bc26dfa0f0adeeb6e8a09b32b758a9fa3aa,0x7c7379531b2aee82e4ca06d4175d13b9cbeafd49,5.0E-5,0.00230577130749,-,SUCCESS,
0xfe13012a0dc94ae0980dc774b831bc599f7915db914ba375a6ab53c327337dd8,39437389,2023/02/19 00:40:00,2023/02/18 16:40:00,0xb03863d8f079d33d73f962fe1445b4d29748ae42,0x7c7379531b2aee82e4ca06d4175d13b9cbeafd49,0.01,0.007094454272241,-,SUCCESS,
0x1f6baed759442aa76050593d6025fcb6731a809d1ac33fb0381e9a89a6162bed,39437381,2023/02/19 00:39:44,2023/02/18 16:39:44,0xb03863d8f079d33d73f962fe1445b4d29748ae42,0x7c7379531b2aee82e4ca06d4175d13b9cbeafd49,0.01,0.007679112522879,-,SUCCESS,
0xf6f12437248157c0da4a363cb243569aa8f5d927e97ddfaf2baebec23dc48ba0,39437222,2023/02/19 00:34:06,2023/02/18 16:34:06,0xe59f3999ad21beff4d77cf6b5bb9545e08c99cae,0x7c7379531b2aee82e4ca06d4175d13b9cbeafd49,0.01,0.006394395196749,-,SUCCESS,
0x2cdf847ea3de9c9c7053895f8a087ea7f6c8f8de2dfd0ce35f91d37ca759888e,37523785,2023/01/01 10:02:15,2023/01/01 02:02:15,0x676ee532c53ba4b68c1b7570ebeb22559f95b094,0x7c7379531b2aee82e4ca06d4175d13b9cbeafd49,0.0,0.001075903493595,-,SUCCESS,
0x716d581348326c97555bdc5aaf64dcc08249c846b500fbbd72454bda4e364af3,37523771,2023/01/01 10:01:43,2023/01/01 02:01:43,0x676ee532c53ba4b68c1b7570ebeb22559f95b094,0x7c7379531b2aee82e4ca06d4175d13b9cbeafd49,0.0,0.001372605178602,-,SUCCESS,
0x5265e1377c431c9ddc7b9ce9daee2ec0ed14158c9afa76e582811398e3d1db54,37496321,2022/12/31 18:00:15,2022/12/31 10:00:15,0xfde84382aaacf56ebc6f31c81bf9f5e91eda5e9c,0x7c7379531b2aee82e4ca06d4175d13b9cbeafd49,0.0,0.001097510555715,-,SUCCESS,
0x9714dcde1b57b8ecd073a62830f6b13e06ebd80b3415dbb72df9a3814105c782,37057565,2022/12/20 20:34:02,2022/12/20 12:34:02,0x36f893cb4b383f4ff2f8c2049da171a4076419a6,0x7c7379531b2aee82e4ca06d4175d13b9cbeafd49,1.0E-6,0.001869356,-,SUCCESS,
0x7cd07037aa7e720eb04358565738e25720de1243ea034c8333530cf62f0406ca,37057494,2022/12/20 20:31:36,2022/12/20 12:31:36,0x36f893cb4b383f4ff2f8c2049da171a4076419a6,0x7c7379531b2aee82e4ca06d4175d13b9cbeafd49,1.0E-6,0.002016384,-,SUCCESS,
0x4a15aea5cd0e107e4901e4abe5111485e7339237240c44b237589f50ba1254ac,36399820,2022/12/04 11:37:56,2022/12/04 03:37:56,0x1cb8601a62ebd4be0821dc2e2f571f06a633000e,0x7c7379531b2aee82e4ca06d4175d13b9cbeafd49,0.0,0.0010532,X2,SUCCESS,
0x69173ce6845f30cae503ada093491fe82c45cdef875a3a1df9511639ec35d792,36399796,2022/12/04 11:37:04,2022/12/04 03:37:04,0x1cb8601a62ebd4be0821dc2e2f571f06a633000e,0x7c7379531b2aee82e4ca06d4175d13b9cbeafd49,0.0,0.0010532,-,SUCCESS,
0xb35fe05d5cf6374ac5b13aba1e96f4b9b859d8a55d6cc5acf7545f9fe62b646e,30740238,2022/07/15 13:01:13,2022/07/15 05:01:13,0x27f988b5e8e3ebf7f2b49ffecb751843e9398fe5,0x7c7379531b2aee82e4ca06d4175d13b9cbeafd49,0.00111001,0.002941470145173,-,SUCCESS,
0x1a00c4828cb329910c0785f43d638c489d8930ec604e0133e94526fcabbd3777,30450786,2022/07/08 01:08:00,2022/07/07 17:08:00,0x27f988b5e8e3ebf7f2b49ffecb751843e9398fe5,0x7c7379531b2aee82e4ca06d4175d13b9cbeafd49,0.00111001,7.35307553148E-4,-,SUCCESS,
0x72bb7d6665d72c32432d2accd4f1f8391a548575d211e78c0615b2e3aaeb3cfb,26952826,2022/04/10 10:59:36,2022/04/10 02:59:36,0x4929e2c6f2a579384436d6832077cd229c3a7926,0x7c7379531b2aee82e4ca06d4175d13b9cbeafd49,3.0,7.35000000252E-4,-,SUCCESS,
0x0df54e9c762fc1db7bdb3edd37cfd22acca610d1dc17a84650bc3682ae86ecf1,24536498,2022/02/04 18:12:45,2022/02/04 10:12:45,0x7416c0f449558536d5e4d3185603aff4e10a24c3,0x7c7379531b2aee82e4ca06d4175d13b9cbeafd49,5.0E-5,7.39430975052E-4,-,SUCCESS,
0x861c180e0435a3402faa1ee28e88dff6353e0b96450963138a77fb75c17ce907,23960743,2022/01/21 05:05:50,2022/01/20 21:05:50,0x30ecdb4f2614332bd474c6be17e69c33fc109313,0x7c7379531b2aee82e4ca06d4175d13b9cbeafd49,0.05,0.004485206250987,-,SUCCESS,
0xecd095f22b9c0f6047169058845bc0c2223d6342800f233052b0396438441c4c,23032180,2021/12/28 01:53:45,2021/12/27 17:53:45,0x3e194b63789bc6351881c4f46a45ca0f707a5790,0x7c7379531b2aee82e4ca06d4175d13b9cbeafd49,1.0E-8,6.3E-4,-,SUCCESS,
0x65e40dfe71d3d83b4393ff173023b792fc912c6c03ba07233a7ea3f379d9a59e,17560682,2021/08/03 13:09:40,2021/08/03 05:09:40,0x2e6b032dfc7fedf39d9a34b421131e617b985b4a,0x7c7379531b2aee82e4ca06d4175d13b9cbeafd49,1.0E-6,2.02784186577E-4,-,SUCCESS,
