交易哈希,区块高度,本地时间(UTC+8),UTC时间,发送方,接收方,数量,手续费,交易状态
0xd98dbf93841f12a2817cdb1c82ab3d921611ceab10090bcdd3032819e7f92d5e,33457258,2023/11/13 20:42:44,2023/11/13 12:42:44,0x49874edac9bd14344f8066974adaa8c2d686035f,0xcdc28c23072cd4413ed4672c8910739a7396ef43,0.0,1.9780946910681E-4,approve,SUCCESS,
0x15e354045f8ab9f2ff81a35f964b5d8ed68461880019db0d3ff4b30ec9d84651,33344118,2023/11/09 22:00:42,2023/11/09 14:00:42,0x49874edac9bd14344f8066974adaa8c2d686035f,0xfc99f58a8974a4bc36e60e2d490bb8d72899ee9f,2.1025205644693705,0.002295597932958663,-,SUCCESS,
0xb6b1e189cff3fbd05eb5b207c048f5d3b0a1c34e1dbb89341eedff743b62e2cf,33340117,2023/11/09 18:40:21,2023/11/09 10:40:21,0x49874edac9bd14344f8066974adaa8c2d686035f,0x9333c74bdd1e118634fe5664aca7a9710b108bab,0.0,8.44093866042508E-4,-,SUCCESS,
0x17f26e38cd16d9e84eec44ce66ee89a4e62bc770140e7827af482255af2655d3,33313290,2023/11/08 20:15:12,2023/11/08 12:15:12,0x49874edac9bd14344f8066974adaa8c2d686035f,0x9333c74bdd1e118634fe5664aca7a9710b108bab,1.4,4.72764298012632E-4,-,SUCCESS,
0xd257db51468b3d9de8de962c2dbae3b2de0826cbc94ac2d4feb25f806745b440,33280446,2023/11/07 16:48:16,2023/11/07 08:48:16,0x49874edac9bd14344f8066974adaa8c2d686035f,0x9eb6935aea6afb5bc6d1a74be0c2f78280ab6448,0.0,1.5588847947531E-4,approve,SUCCESS,
0x671bf106090de2805ab8b9147323451caf00989532751763a2db075dbe644aa2,33216181,2023/11/05 11:06:47,2023/11/05 03:06:47,0x49874edac9bd14344f8066974adaa8c2d686035f,0xfe8bf5b8f5e4eb5f9bc2be16303f7dab8cf56aa8,0.0,1.441211398484E-4,approve,SUCCESS,
0x8e988956c910c7c90cdb311323d35f426a0b8a2ff67a448009bf7ee8bc209c3b,33215099,2023/11/05 10:12:32,2023/11/05 02:12:32,0x49874edac9bd14344f8066974adaa8c2d686035f,0x9333c74bdd1e118634fe5664aca7a9710b108bab,0.01,5.58572273582708E-4,-,SUCCESS,
0x55c023b139c65b0d738505efe0675e1e34d849a652911df9a297f90cddfafd24,33206726,2023/11/05 03:13:08,2023/11/04 19:13:08,0x49874edac9bd14344f8066974adaa8c2d686035f,0xfe8bf5b8f5e4eb5f9bc2be16303f7dab8cf56aa8,0.0,1.07463046386373E-4,transfer,SUCCESS,
0x5efa8ab9d1d8cd6431675abc8a7a85b057864aa5aa5cc5de4fc089ce97912ce1,33204656,2023/11/05 01:29:30,2023/11/04 17:29:30,0x49874edac9bd14344f8066974adaa8c2d686035f,0x709d66fc63ebf0a843265b48c1d285ae77189297,0.0,1.59202917657465E-4,approve,SUCCESS,
0x976c5dd5412fbf87dff4a10de736fb194aaa7fc585fa2c533d53fcfcb2a63442,33204616,2023/11/05 01:27:30,2023/11/04 17:27:30,0x4dbcdfb17abb66655593dfac6d1d53a345cb1534,0x49874edac9bd14344f8066974adaa8c2d686035f,0.05,6.3E-5,-,SUCCESS,
